step,precise,run_0,run_1,run_2,run_3,run_4,run_5,run_6,run_7,run_8,run_9,run_10,run_11,run_12,run_13,run_14,run_15,run_16,run_17,run_18,run_19,run_20,run_21,run_22,run_23,run_24,run_25,run_26,run_27,run_28,run_29
10000,28955,29157.48,28843.91,28811.72,29231.39,29156.32,29255.09,28532.48,29118.20,29029.92,28464.61,29112.60,29414.25,29021.61,28890.44,28599.75,28713.97,29739.94,29809.28,28620.54,28706.45,28934.38,28859.09,28990.85,29092.51,29121.02,28847.70,28989.94,29335.35,28867.84,28572.53
20000,57613,57657.16,58022.18,57114.73,57982.98,58065.94,58782.72,57988.39,58144.27,58330.73,57127.88,57072.48,58363.88,58140.99,56957.75,57611.26,56790.71,58610.77,59104.10,55894.01,57527.24,58620.88,57834.97,56883.03,57893.43,58197.07,57155.67,57918.03,57068.48,57463.42,57265.81
30000,86167,85936.51,86060.93,84719.09,85855.50,86673.70,88037.87,86406.89,86437.93,86217.56,84695.39,84779.07,87478.38,86831.97,85706.96,87265.71,85388.81,86823.91,86651.70,85252.93,86103.98,86886.90,86640.12,84799.91,86711.30,86763.00,85854.64,87442.18,85760.59,86371.79,85688.32
40000,114528,113941.34,112806.67,111655.47,115291.45,116117.50,114915.65,114686.45,114918.87,113138.34,112048.30,112746.34,117351.42,114759.37,114400.58,114392.56,113360.34,115480.32,114690.95,115750.17,114513.95,116238.43,114916.80,111856.36,114451.26,113850.72,114546.61,115326.22,114680.29,116225.58,113990.15
50000,142791,141894.47,141825.77,139561.32,144570.07,144891.34,142314.48,144622.28,145231.61,142715.92,141397.63,139754.35,147646.50,142749.54,142043.08,144134.92,141584.53,143179.63,142934.55,142505.41,141480.28,144753.33,142682.72,140062.82,143350.43,141371.61,143671.52,143084.79,144134.25,145186.09,142297.99
60000,170937,171111.75,171398.06,166296.74,171729.69,173205.20,169637.67,171597.95,171747.81,169677.08,170263.95,166630.99,174743.15,170742.43,168484.08,172343.05,169347.24,171745.11,171448.24,172018.48,167696.63,169695.85,170853.00,167116.35,172089.23,167630.62,171870.33,173146.65,173315.83,173235.21,171151.48
70000,199012,199414.21,200082.55,195661.20,199401.68,202748.06,196413.49,199937.10,199129.50,197364.87,200855.90,192945.96,204809.50,199917.44,197275.80,200659.14,196223.10,200747.44,197552.72,199991.04,196002.30,198659.82,200143.48,197455.61,198514.85,197576.75,199905.72,201549.64,200070.83,201405.42,198331.93
80000,227081,227931.25,229014.73,222502.32,228655.19,228966.40,224077.40,228745.98,227828.91,225070.23,229710.67,220380.26,231435.26,228230.80,224528.40,228679.89,225315.37,229433.24,225893.00,226184.20,225708.70,227268.84,226643.18,225784.05,228516.29,224470.18,228725.79,230924.24,227773.01,227271.36,227148.11
90000,255188,253707.24,256291.09,250486.73,255649.43,261490.42,252808.46,257061.30,255613.47,255067.30,256204.63,250082.63,259715.20,258397.71,251306.72,255985.80,255346.69,257275.57,253228.18,255478.68,253256.38,255948.17,257364.13,254786.58,256054.29,253099.04,256266.20,258438.57,257448.50,254698.24,253965.63
100000,283195,281429.87,284614.47,278416.27,281870.03,288631.83,280509.77,285821.60,284410.83,282725.31,282993.16,279188.11,285765.06,286079.20,278124.49,284297.65,283345.96,284660.32,281929.80,282376.25,281066.55,284663.17,283599.74,282175.46,284580.11,281002.31,280582.54,288219.41,286326.47,285758.26,285617.85
110000,311242,310595.59,313848.92,306860.59,309516.41,319185.15,310207.38,314030.31,312059.44,309589.50,310676.65,308861.66,313201.89,316327.78,306914.15,311798.20,310670.64,315489.09,306447.75,310702.19,311390.13,313712.53,309587.80,313360.47,314612.67,311513.93,304519.99,317066.74,316158.50,310884.70,314474.93
120000,339322,339688.22,343240.84,337382.74,337525.21,349395.36,339690.05,342843.89,339148.83,340601.49,339686.03,337420.93,340340.08,345037.48,334247.63,340752.42,340130.96,343800.29,335506.26,338912.72,339704.04,342769.96,334693.21,340396.87,342960.30,340197.67,333681.22,347894.70,344776.95,338206.05,339860.75
130000,367314,368689.40,372777.34,366398.66,365697.78,378673.61,365672.44,371632.48,366737.97,369826.11,368348.02,368409.24,367694.66,372215.21,362261.18,370553.68,365713.94,374820.89,362108.82,372521.78,366507.82,368954.23,361314.08,369300.62,370386.18,371515.12,360749.51,374841.15,371949.47,368025.49,366765.78
140000,395251,396299.69,398438.26,396325.57,390592.65,407138.25,393637.31,396964.03,396098.57,396061.74,398027.04,397079.86,395213.63,398652.65,390790.28,397383.40,391949.89,402744.20,389811.07,402489.70,395017.92,399589.32,388717.12,398166.95,398227.10,398264.45,389030.06,399907.54,399485.68,397168.89,397866.19
150000,423319,425304.70,425569.26,419207.74,417149.69,434531.87,420572.41,424005.86,424324.63,424515.80,428007.70,428560.12,425270.60,424803.66,418416.74,424618.08,422791.31,430681.48,413855.26,432365.79,424190.70,431418.39,416508.70,427326.78,424671.83,422187.89,417892.52,428064.87,428191.73,427085.51,426341.98
160000,451272,453213.99,451140.15,448415.69,446001.92,464733.25,448580.66,457684.35,448958.81,453182.33,456930.88,458996.76,454826.35,453077.53,446596.55,452500.89,449590.82,458635.93,441982.18,456795.10,452089.64,461691.33,442581.80,455641.57,452907.13,451257.01,445623.31,457937.85,458564.00,455830.54,453097.28
170000,479159,480274.45,477305.31,477759.70,470575.78,490800.08,474556.97,485372.75,476808.34,480800.80,483495.88,487006.30,480498.77,481802.99,475959.98,480075.83,474769.73,483293.81,467352.40,484165.50,476750.74,486099.59,474311.10,482618.89,479116.12,478728.97,472904.33,487032.85,486266.44,484232.77,480359.56
180000,507129,508969.50,503570.88,509774.31,497550.12,515248.46,499938.07,514235.99,503940.00,507966.12,512176.62,516403.78,508791.63,511485.27,506922.88,507114.99,507126.61,512327.87,494185.24,516249.32,504716.48,514000.53,499772.14,511911.53,509922.68,507201.86,501743.46,515688.05,512105.55,509679.76,513622.96
190000,535029,535737.69,530157.18,539837.92,525905.26,541078.98,527324.67,541439.85,531980.86,539258.72,540004.27,543995.20,535028.69,538523.66,536120.65,534821.87,536734.71,537781.53,519673.19,544365.22,528374.12,544169.57,527280.69,538550.01,535685.32,537154.56,530921.39,546912.99,539257.04,538227.97,540405.23
200000,562967,562780.70,554226.43,566183.55,560537.32,565411.62,555821.28,567258.98,560003.29,566684.48,567805.50,569388.88,562035.20,567940.07,561652.16,562761.95,566807.99,563065.71,546844.51,576454.20,552715.01,572011.60,554047.25,565511.98,563708.98,565093.47,559903.82,578396.21,568385.11,565043.19,565540.11
210000,590836,589160.05,581309.52,593302.54,587317.42,591247.90,586297.53,595334.92,589397.94,598715.30,598969.67,599942.23,588117.70,600226.22,589763.35,592528.86,594616.97,593089.65,573165.52,604219.90,582005.81,601128.15,583117.49,590782.03,591740.26,596368.31,589265.40,602188.15,598866.65,594537.87,596071.63
220000,618751,615142.88,611103.21,624443.26,613945.83,620424.09,612827.42,621273.12,614580.45,625493.78,625021.24,631628.07,617615.46,630491.94,615821.48,620180.54,625097.82,624048.90,602233.62,630961.87,609517.88,624850.99,612207.67,615463.03,619404.94,625817.99,619620.91,629754.00,627519.13,619503.78,625540.64
230000,646794,643654.94,639614.97,654002.26,638275.73,647068.53,640249.66,650829.38,640887.14,656297.57,654273.98,661781.88,645759.31,658421.70,643477.97,649015.03,651115.31,653481.74,633590.63,660849.10,635467.09,651585.27,637506.96,641536.42,646264.78,657427.02,648577.98,659839.90,653268.31,648095.10,654842.34
240000,674745,669342.84,669459.59,682235.41,666965.47,674663.69,671012.46,678607.11,667674.11,682430.37,679189.15,692314.43,674589.08,688345.63,671091.13,677681.18,683355.34,680345.21,664086.33,685951.96,663320.11,679425.67,661470.98,668554.65,673737.63,687438.34,680758.62,691111.14,682145.50,672568.30,679530.42
250000,702699,696002.58,697161.90,710241.68,693817.99,701797.13,700148.02,703373.52,694673.41,711539.24,707773.38,720036.00,700429.34,716862.16,695893.97,704334.25,708462.66,703663.93,691714.49,718615.97,690866.98,706872.07,692603.85,696005.70,698515.70,713429.13,711301.84,721247.76,704317.85,703395.35,707649.18
260000,730509,722012.80,724504.60,737669.64,722147.96,733349.60,729888.99,734211.57,722528.08,735199.32,739084.16,749357.29,731950.49,744132.43,720092.68,730521.39,738157.81,734370.87,718606.74,746465.19,721063.37,733720.62,720297.30,722665.42,724780.40,742693.61,736739.66,746010.74,735211.88,729042.79,733549.61
270000,758337,747129.62,748446.41,765758.80,751691.75,762957.95,760163.86,761433.01,754538.88,761733.29,767466.44,780598.43,758756.99,769972.56,751588.45,759184.65,764455.49,759297.51,746705.80,770874.85,749705.10,761198.98,748645.81,751261.63,752060.70,770813.77,768291.03,773061.77,763398.24,755845.40,761937.00
280000,786200,777730.75,774257.60,797661.33,783194.97,792841.48,787251.55,789255.49,782506.59,793313.29,796568.89,813402.26,786373.49,797759.74,778926.29,790056.80,787933.11,791249.17,773499.09,801023.01,777210.98,790691.98,779271.58,779341.70,779358.56,801287.83,791273.09,801277.47,787414.10,785940.68,792855.82
290000,814046,804002.00,800092.16,824527.75,810876.08,823235.37,815540.52,816854.64,808184.24,818172.66,824503.85,841908.33,816082.33,823092.58,805218.41,823006.00,813166.66,816402.68,801415.98,829158.10,807833.30,817740.02,803316.01,805658.66,802876.65,828987.97,819437.00,829791.92,813554.33,813192.08,822151.74
300000,842017,828419.73,831855.91,851512.07,844452.89,849229.60,845901.51,841342.48,838092.01,845290.05,849639.11,870392.01,842716.80,844610.75,830440.43,850379.87,837902.46,848365.36,833791.20,854668.31,835931.40,843397.32,826749.55,830833.37,829056.82,858141.32,849749.73,858704.94,843697.83,839329.22,850922.24
310000,869826,853098.57,857217.47,879411.39,873180.20,876203.96,870988.91,869427.71,865021.63,873284.23,877120.73,904046.04,869316.97,865746.73,858366.15,882238.62,869090.82,874707.44,862942.68,882149.74,862930.66,877354.67,853815.40,858677.63,856927.13,885177.25,873619.26,886079.83,870852.96,870016.26,878926.90
320000,897763,884125.82,883592.20,905932.02,900087.36,905654.29,897884.15,893739.22,892610.29,903109.03,905130.10,931016.32,900769.04,890357.27,884886.01,915816.03,894648.22,900419.91,891132.98,908782.30,889150.99,905921.34,879410.13,884040.07,888295.96,914219.25,902535.18,915235.93,896275.07,899410.91,905314.50
330000,925636,910700.69,909037.77,933154.42,926880.94,930562.34,925818.73,921960.01,922747.10,932790.70,933601.01,962483.86,928238.31,916749.93,910626.78,946413.60,921529.61,927602.18,919498.33,941525.04,917247.24,934255.68,903573.32,913515.34,910114.48,946573.16,930886.16,939623.83,922521.92,927991.93,932764.70
340000,953469,933421.33,934214.79,959752.46,953945.09,953150.54,954279.58,951263.28,952152.53,953481.34,957018.87,990991.53,957363.98,942694.14,939584.74,975373.11,949455.34,957052.69,946695.94,973605.37,943708.57,963193.97,930256.27,941301.79,936313.96,977661.08,955039.98,965610.64,948613.53,957541.25,954319.85
350000,981360,963487.28,962681.07,985112.13,981124.07,979869.95,997175.52,978849.18,980224.83,980253.49,982357.12,1017611.94,986735.28,971285.44,964617.81,1011414.46,980272.86,980644.52,980804.51,1003227.34,972002.57,991054.62,961121.42,968964.40,965209.52,1000374.61,978428.69,991716.40,978140.22,989062.33,981630.00
360000,1009182,989541.00,986890.93,1010763.01,1010403.71,1003768.27,1023429.54,1007664.39,1008750.09,1010470.92,1012340.18,1045250.06,1011723.92,1004062.87,994089.14,1038729.29,1006595.91,1008872.37,1011322.37,1028989.10,1005477.41,1020770.12,985869.58,995366.11,995592.11,1027659.55,1002674.82,1016635.58,1012205.93,1014415.20,1010131.56
370000,1036998,1017363.53,1013240.65,1039749.67,1037481.99,1035581.75,1053324.01,1029871.74,1033668.81,1037943.98,1036884.13,1071795.43,1036793.30,1030962.70,1020543.45,1067396.25,1038101.58,1037730.81,1039743.43,1059514.47,1032889.15,1048291.48,1010845.42,1019517.52,1022355.18,1061016.63,1029369.87,1046846.59,1038662.43,1042042.42,1037987.61
380000,1064912,1044997.10,1040324.29,1069420.29,1066147.46,1064712.56,1080745.53,1055228.27,1063070.97,1064324.86,1061901.26,1096518.43,1066991.23,1062759.31,1052381.96,1095059.93,1068420.69,1062349.30,1066857.52,1088940.40,1061989.55,1072302.97,1038592.05,1049013.47,1051649.86,1088713.88,1059689.06,1074527.02,1064589.09,1067911.49,1067884.64
390000,1092767,1075345.29,1071582.43,1094169.38,1098521.58,1092561.18,1106564.51,1083197.72,1090991.24,1088723.48,1090126.35,1129682.98,1096802.59,1089679.62,1075053.39,1122907.90,1093309.89,1096890.80,1096552.14,1109497.43,1085280.18,1100510.82,1061931.17,1072474.10,1074912.88,1115503.44,1085074.13,1102719.35,1089032.49,1094442.91,1097619.03
400000,1120666,1107461.24,1097729.45,1126393.29,1123811.54,1126500.08,1141604.81,1110743.77,1125089.70,1119491.57,1117009.93,1161623.97,1124591.55,1120627.63,1101338.89,1148222.05,1120572.48,1123810.92,1121736.68,1137272.30,1107851.14,1128869.08,1088307.48,1103113.88,1102241.46,1142623.26,1111981.79,1132264.86,1115156.89,1120740.78,1120831.99
410000,1148517,1135591.00,1124491.50,1157134.75,1157886.30,1149977.42,1172333.92,1137580.19,1154514.03,1148831.36,1144824.75,1189447.77,1156959.09,1150237.98,1129169.45,1179643.32,1146798.98,1146599.55,1146718.50,1163366.98,1135080.79,1152698.43,1115423.44,1127397.89,1132602.00,1171874.80,1139288.06,1153229.27,1141238.47,1150959.94,1149382.67
420000,1176364,1162770.66,1148692.46,1185245.38,1180759.40,1175166.48,1199799.17,1161386.21,1177081.97,1177278.19,1174419.25,1217563.85,1180509.13,1182230.39,1161818.02,1207232.68,1173856.27,1172330.80,1173813.64,1198568.67,1160688.52,1176938.33,1145520.22,1161216.19,1162101.21,1199156.49,1165177.58,1183227.63,1173475.08,1185139.48,1172547.62
430000,1204287,1189542.26,1174775.08,1212916.10,1212655.81,1206827.18,1227333.77,1185098.80,1204993.44,1206980.07,1201069.58,1243979.95,1210710.13,1216491.06,1192696.67,1237452.29,1196412.70,1196335.96,1200851.57,1230189.89,1189490.29,1204628.76,1172156.43,1186422.04,1186940.70,1224448.10,1190970.63,1209801.67,1199760.71,1214343.88,1197773.61
440000,1232059,1217667.30,1201908.73,1242762.68,1237964.51,1240445.77,1261891.06,1215898.31,1233719.24,1235581.32,1227657.06,1271728.82,1242750.05,1244854.17,1219635.18,1263014.69,1222752.55,1226265.48,1234397.32,1261743.05,1217397.40,1230937.60,1204026.26,1213410.78,1211726.13,1252045.65,1227440.54,1237022.66,1230436.79,1244379.29,1225866.41
450000,1259976,1242799.11,1231880.37,1268852.21,1263154.80,1271424.52,1286540.34,1245423.05,1261634.93,1261211.09,1251659.38,1298905.95,1272569.95,1276521.68,1248195.37,1298043.83,1248521.11,1252268.68,1260455.90,1291949.37,1243777.91,1257446.41,1235005.40,1243061.29,1245794.20,1281726.45,1262126.97,1263165.96,1269092.50,1275000.34,1251580.33
460000,1287767,1272952.34,1257431.02,1295192.44,1284999.53,1295930.14,1311960.66,1274218.09,1287566.39,1289246.65,1275484.33,1327115.62,1298832.58,1301170.03,1272117.57,1326826.18,1275718.48,1277611.40,1286230.91,1319417.69,1269732.36,1282051.76,1261854.14,1272577.13,1270598.78,1304797.50,1291453.63,1290284.34,1298049.51,1301016.92,1280514.18
470000,1315625,1299888.49,1284923.34,1323245.09,1315760.30,1323016.63,1338852.91,1301318.37,1317317.10,1315582.70,1301684.28,1351633.81,1324525.69,1326631.40,1297021.84,1352078.68,1304098.20,1310345.30,1310677.79,1340581.11,1292230.18,1307841.72,1285172.23,1296300.91,1294909.15,1335256.97,1315626.02,1314653.90,1333474.45,1326726.07,1308503.86
480000,1343417,1320772.39,1312323.45,1347515.54,1346989.76,1345114.08,1365931.55,1329009.82,1352398.62,1344817.06,1328448.86,1388444.86,1355522.43,1353279.99,1325763.06,1372855.88,1330943.05,1333654.53,1333220.41,1364166.89,1319101.36,1336081.76,1310919.15,1324422.03,1326649.50,1364981.24,1337984.41,1340708.78,1364167.04,1352523.26,1333886.40
490000,1371240,1348958.44,1335920.05,1370561.22,1373698.94,1375499.99,1392328.97,1353867.07,1382384.39,1378517.18,1357259.98,1413136.94,1384328.11,1383486.59,1347059.23,1393790.79,1357705.29,1357428.90,1358874.93,1390747.86,1350124.73,1364738.07,1335230.76,1349855.33,1348064.62,1390988.31,1368575.52,1371357.84,1396255.42,1384361.30,1362998.53
500000,1399056,1376306.76,1366139.66,1397483.10,1401626.56,1401423.98,1419867.20,1382635.59,1418343.22,1406920.40,1384881.33,1443661.68,1409158.41,1416767.02,1374254.79,1419624.65,1387662.61,1385845.14,1387323.86,1419878.68,1379054.34,1396090.95,1362909.62,1377055.34,1377580.81,1416132.36,1399030.63,1402309.16,1426980.83,1412964.30,1383841.84
510000,1426886,1402819.00,1391412.66,1426363.32,1430661.99,1423387.62,1445458.50,1418390.08,1445747.52,1437969.01,1411852.59,1472836.98,1438081.84,1442857.79,1400899.76,1443963.01,1419507.07,1416816.31,1418917.07,1452641.69,1407864.45,1421647.65,1393995.26,1406497.03,1402464.79,1444007.05,1429353.86,1431588.63,1452452.57,1440834.59,1413876.80
520000,1454706,1430844.88,1421928.71,1450415.13,1454863.89,1449476.64,1469982.94,1451365.17,1476474.27,1469683.80,1440462.85,1502523.34,1470162.72,1469414.95,1433313.64,1479000.65,1446601.72,1445334.38,1444146.64,1480728.64,1438281.83,1446781.24,1420148.27,1435396.91,1428797.32,1477750.71,1460308.70,1463044.49,1479962.92,1471342.48,1439588.40
530000,1482517,1457345.08,1444328.54,1477631.79,1483416.37,1476315.14,1495671.01,1484477.40,1502180.27,1494716.07,1468413.61,1532622.48,1499068.31,1502145.94,1464163.59,1505490.00,1476323.82,1474164.43,1465458.51,1508969.92,1464656.25,1475067.77,1449022.39,1456662.30,1459181.85,1499720.75,1487446.09,1492533.61,1507946.00,1501479.40,1464515.97
540000,1510292,1482930.81,1478943.19,1509644.30,1505327.77,1500818.91,1524984.70,1507315.27,1528048.58,1518249.36,1501985.90,1553429.47,1528135.73,1529658.91,1495492.38,1532079.99,1502136.56,1500543.21,1490941.29,1539838.10,1490436.48,1507803.53,1482253.76,1481321.19,1484922.96,1524252.65,1511921.08,1523397.64,1532855.56,1532200.86,1495341.95
550000,1538114,1507217.55,1507627.95,1541168.37,1534210.09,1527827.55,1554984.60,1536111.34,1552332.14,1542997.25,1531800.64,1585565.30,1553513.92,1560082.70,1528679.11,1554535.06,1529420.54,1522302.22,1524143.06,1564133.62,1520821.99,1540547.79,1511131.68,1507355.65,1508705.17,1551339.50,1534792.38,1545035.82,1555835.91,1555835.19,1522229.48
560000,1565946,1527729.12,1533438.21,1573086.94,1562325.92,1548294.67,1583454.32,1562280.23,1575037.63,1566897.03,1567472.31,1612880.89,1584178.69,1586829.60,1550989.89,1588890.80,1563654.92,1550914.95,1558987.50,1590609.90,1549045.27,1571689.40,1537963.38,1536835.05,1534653.62,1579833.22,1565694.76,1577368.12,1582329.58,1581988.69,1547504.63
570000,1593722,1557154.50,1565867.85,1594651.34,1586317.53,1571515.65,1608952.70,1591248.47,1607268.35,1596502.66,1596390.12,1637953.24,1614414.00,1612867.51,1576730.89,1616873.53,1596116.84,1580859.82,1584885.60,1619733.88,1576027.12,1606015.66,1567415.91,1560787.81,1566177.27,1612768.74,1595768.59,1607284.95,1611541.28,1610660.81,1575573.40
580000,1621443,1583174.15,1590747.86,1624766.68,1609311.52,1602355.81,1632997.84,1625822.16,1640849.14,1620555.16,1622844.49,1670008.55,1638810.51,1640512.22,1600293.51,1643243.61,1619069.92,1610274.25,1615605.05,1646642.71,1604667.49,1636039.14,1591880.42,1592120.38,1594182.68,1640164.05,1628733.46,1636393.37,1634574.56,1635949.64,1603411.34
590000,1649225,1608492.52,1617414.08,1654840.43,1638621.88,1634928.53,1658587.43,1657779.68,1663717.20,1642256.27,1646039.47,1704374.63,1666374.57,1663478.56,1628176.08,1673877.46,1653700.12,1637017.91,1639618.68,1677910.39,1626328.37,1661640.43,1621017.81,1617992.08,1618062.44,1669310.49,1660437.17,1658071.94,1667210.81,1665245.41,1622943.61
600000,1676960,1639124.39,1642716.72,1684747.27,1670692.62,1665272.57,1687686.55,1689063.77,1687733.98,1672013.48,1668512.62,1728892.73,1690107.48,1692598.43,1662245.63,1699614.69,1682895.90,1667623.01,1671649.49,1711347.78,1648232.73,1694794.10,1644684.54,1648774.31,1648777.10,1696681.57,1694483.38,1687691.60,1694232.84,1689621.61,1650013.51
610000,1704679,1664539.15,1670919.85,1710180.45,1699433.13,1692807.72,1720333.79,1711978.88,1710510.85,1703563.14,1697228.90,1757610.17,1718145.42,1720466.76,1688504.11,1733477.19,1708582.44,1700658.78,1698365.59,1742706.58,1679398.66,1724186.93,1675519.54,1679060.51,1673348.67,1727491.34,1723513.62,1709669.37,1723623.84,1717484.94,1677788.74
620000,1732398,1689704.25,1705178.99,1736804.02,1720880.97,1722006.75,1752847.34,1742233.23,1735449.60,1730178.60,1726184.27,1781956.70,1746456.89,1751135.94,1720272.68,1762736.74,1734900.59,1726122.63,1727494.40,1773967.21,1707189.76,1746644.78,1701278.94,1707092.02,1706106.55,1752567.26,1751070.39,1730716.71,1758668.98,1747703.11,1705095.23
630000,1760217,1719561.34,1737010.36,1763744.54,1747668.03,1754892.86,1778200.14,1770726.86,1756943.89,1758233.95,1758747.78,1814075.67,1775867.14,1786900.90,1744655.13,1788531.79,1755625.85,1754155.39,1752599.46,1806397.34,1731691.18,1769863.62,1728146.11,1734776.47,1734540.02,1778494.08,1782332.37,1759547.01,1785589.81,1776225.21,1729144.61
640000,1788027,1743001.11,1765449.92,1792657.15,1779130.46,1782390.15,1805023.02,1792521.78,1786397.46,1788507.33,1789402.36,1840467.54,1806064.79,1818243.95,1774842.89,1820171.74,1786111.40,1779073.21,1778736.06,1832938.41,1759868.50,1801481.07,1754692.63,1761014.24,1760820.18,1809456.73,1806677.84,1794182.55,1814745.11,1806885.87,1765073.03
650000,1815813,1766610.43,1790758.17,1831111.53,1797651.12,1808275.01,1832289.55,1821965.41,1807662.87,1815140.52,1813586.68,1863723.30,1829338.73,1843140.61,1800370.48,1848114.57,1814278.78,1817216.13,1803956.79,1864466.33,1784323.24,1829928.56,1781217.82,1786331.63,1788170.25,1840971.34,1834638.15,1815180.77,1851663.00,1837899.72,1795199.53
660000,1843474,1791383.95,1824779.02,1864283.87,1822728.73,1836146.44,1860117.57,1848993.20,1837282.33,1843262.05,1840824.96,1887099.26,1859328.81,1880560.20,1831037.08,1874141.25,1843377.74,1845644.11,1831243.15,1893794.40,1809729.15,1858396.17,1810222.07,1811185.30,1807158.55,1868467.86,1874284.18,1839847.89,1879915.84,1859519.63,1817109.22
670000,1871258,1815869.87,1855424.63,1888133.50,1850223.89,1864430.10,1883853.39,1879070.27,1870072.41,1872540.55,1878390.92,1911460.62,1883177.42,1907084.47,1860639.00,1899840.06,1869539.00,1878472.33,1867988.23,1922646.00,1841584.86,1886143.68,1840530.42,1835639.11,1835124.56,1903998.67,1908609.48,1865520.48,1905749.16,1891233.30,1843763.76
680000,1899034,1839409.24,1888590.21,1920963.16,1873610.01,1895088.17,1911487.91,1903521.27,1895247.26,1894219.15,1906742.12,1940103.73,1908233.36,1938591.97,1886022.42,1927555.72,1892616.95,1900559.15,1897505.83,1948392.23,1878690.26,1912488.01,1867220.54,1868195.07,1856446.84,1927298.71,1935863.68,1896669.96,1932627.90,1915095.55,1870314.87
690000,1926708,1869976.77,1916381.40,1947197.03,1900683.21,1923174.95,1938444.55,1935269.21,1932160.97,1919311.57,1934186.75,1968214.65,1936633.36,1969559.69,1907876.11,1943700.74,1917355.99,1929605.09,1927701.20,1976072.59,1903559.61,1934593.01,1891959.22,1892705.60,1882061.63,1958147.23,1966652.15,1927476.65,1962642.74,1944999.96,1898198.16
700000,1954421,1898681.50,1952717.60,1976003.27,1929096.57,1947917.20,1958248.33,1964017.80,1959950.30,1946726.91,1967217.42,1990461.55,1962833.87,2001662.32,1937842.56,1975504.76,1943081.20,1956721.53,1966455.39,2001621.11,1934397.68,1964395.02,1923662.27,1921416.47,1905595.95,1986851.41,2004921.64,1955806.75,1991954.46,1977599.93,1926579.14
710000,1982202,1917143.99,1980848.40,2001542.41,1960650.86,1971154.38,1986951.14,1990871.73,1985969.57,1967223.06,1996280.55,2013893.95,1989742.42,2026616.64,1968268.16,1997923.38,1968916.85,1983574.64,1989613.95,2028947.16,1960138.26,1994121.12,1956875.74,1941827.42,1935649.71,2009255.45,2034460.18,1984369.23,2022145.00,1997108.31,1949581.41
720000,2009952,1946505.90,2011371.04,2031699.97,1981962.98,1996221.98,2015983.05,2012720.59,2014064.03,1993283.07,2025964.24,2042567.62,2016986.09,2050305.39,1990919.68,2027525.39,1995558.00,2010770.88,2012393.44,2052132.96,1992156.43,2014112.22,1991716.03,1971546.82,1967537.66,2033576.32,2059935.15,2009888.30,2047348.90,2027301.29,1981422.55
730000,2037733,1970174.13,2039765.13,2051991.16,2004964.49,2027152.69,2048543.65,2047891.19,2042967.55,2020226.78,2055645.69,2069919.59,2040508.00,2069868.69,2018044.30,2048978.94,2027498.42,2031774.48,2035617.96,2084161.82,2017563.02,2038106.17,2016225.32,2003283.89,2003110.18,2052651.14,2084842.40,2040112.30,2073893.89,2058645.57,2008717.14
740000,2065397,1994511.55,2064164.30,2075832.47,2037978.82,2049422.94,2073417.46,2073605.79,2067043.71,2049538.48,2082156.15,2091878.26,2077905.86,2098183.80,2044607.34,2076253.78,2047086.21,2064247.33,2057289.39,2115685.02,2048768.76,2063961.48,2045437.99,2031034.86,2026602.88,2077289.32,2111262.90,2067527.49,2104227.22,2085796.16,2045727.56
750000,2093179,2020197.35,2091130.00,2101014.23,2062489.23,2077938.36,2098909.68,2104644.68,2095050.63,2076597.35,2106293.14,2117606.59,2106593.90,2132426.35,2072376.47,2103265.68,2080623.97,2090785.84,2085505.85,2143516.30,2072828.21,2085055.25,2073344.36,2056616.93,2056155.23,2109848.90,2134267.43,2087722.28,2133175.40,2118377.45,2069366.84
760000,2120926,2046136.16,2117296.94,2134403.87,2097213.13,2111937.75,2121999.90,2135185.39,2117761.06,2112009.82,2138824.76,2154690.92,2129837.98,2162438.22,2100081.95,2138099.75,2109185.65,2120864.99,2108941.11,2174159.25,2096325.53,2122372.70,2106694.11,2076788.46,2081069.25,2141263.36,2165087.91,2114248.71,2161120.04,2143312.98,2099624.60
770000,2148697,2074676.25,2145898.92,2161281.74,2125814.16,2138817.19,2151150.76,2172387.10,2142348.77,2144359.33,2165372.34,2183006.78,2153597.09,2190550.12,2118911.14,2164848.25,2133278.25,2146019.16,2141981.84,2206258.69,2122163.34,2149584.04,2130203.98,2109753.12,2108552.16,2172323.40,2191335.75,2141793.36,2185236.49,2166548.56,2130200.05
780000,2176362,2105827.13,2173323.54,2197402.07,2156005.94,2170578.46,2184207.31,2205402.53,2179107.75,2178695.76,2189098.11,2207693.61,2180545.12,2217832.11,2145183.07,2199594.56,2157403.64,2173136.76,2168709.54,2223648.93,2150991.93,2178085.74,2157889.73,2133353.58,2134505.58,2202026.83,2210224.20,2172153.16,2218759.94,2191549.51,2159528.21
790000,2204132,2138892.19,2200483.81,2229061.95,2185305.46,2198416.10,2214810.93,2234904.45,2209884.75,2205963.70,2221391.43,2231134.77,2205664.96,2244815.21,2172319.40,2220671.95,2188739.26,2213855.79,2194962.25,2249748.13,2173983.14,2205582.43,2184439.06,2160773.61,2159530.41,2222682.16,2233614.03,2197621.59,2249869.21,2215464.05,2184951.05
800000,2231750,2169893.37,2232049.03,2246631.18,2211769.64,2228615.30,2237488.47,2262654.10,2240856.11,2233333.01,2252800.63,2260615.88,2232487.73,2275589.92,2197424.71,2255381.83,2219067.19,2239910.11,2221356.91,2271444.56,2203618.22,2238045.37,2212823.99,2189555.14,2190926.79,2251289.92,2263897.71,2221659.82,2280132.70,2240406.99,2211253.87
810000,2259434,2193951.02,2246218.02,2272890.63,2238273.48,2256317.17,2259995.76,2292535.14,2267466.93,2258605.85,2277781.81,2287428.70,2263186.26,2310992.34,2229535.72,2275703.90,2254489.02,2271797.69,2246595.77,2300234.11,2229995.77,2263155.88,2236953.64,2225753.17,2216766.00,2281380.21,2289942.86,2255447.78,2305358.48,2270166.15,2243270.27
820000,2287105,2222700.56,2274625.79,2297948.05,2267560.54,2280890.82,2289842.94,2313739.80,2295453.87,2286789.35,2309412.48,2318450.31,2286127.19,2341511.63,2261483.61,2306832.23,2279704.87,2292671.75,2275986.50,2326233.24,2259787.85,2294424.09,2264891.98,2248949.86,2245916.62,2305792.42,2315300.76,2292661.49,2331037.74,2298204.35,2271154.55
830000,2314813,2254939.50,2304751.04,2325510.85,2294268.81,2302327.41,2311607.28,2340765.69,2319160.47,2318073.84,2341980.26,2347037.97,2316345.04,2378564.02,2292232.27,2338346.35,2314288.35,2320117.55,2304887.85,2355959.25,2289169.72,2332759.06,2296670.71,2269803.78,2266009.64,2334028.66,2350484.59,2319810.95,2359292.62,2326853.33,2293173.36
840000,2342495,2282754.97,2325313.62,2349055.56,2324070.08,2321404.75,2335224.00,2366344.31,2343567.89,2345934.50,2363754.47,2377318.12,2358317.10,2398385.51,2319906.70,2376208.69,2341620.96,2345755.47,2331099.41,2387057.02,2319458.42,2351519.78,2327180.04,2299653.86,2302331.59,2363284.13,2368766.45,2341763.91,2382006.66,2346761.32,2325848.48
850000,2370144,2315280.48,2356348.78,2378521.88,2349134.61,2347844.39,2367716.69,2401155.55,2371136.18,2370900.23,2386892.54,2405482.98,2375854.50,2429300.26,2348533.56,2405891.80,2373649.74,2367715.14,2362179.40,2412470.75,2352011.29,2378108.16,2356423.18,2329599.42,2329445.65,2393099.93,2389905.37,2372355.09,2404556.96,2373417.40,2348523.34
860000,2397931,2342786.78,2384223.95,2400442.66,2370156.81,2381072.36,2395707.46,2431046.84,2395669.35,2405202.54,2410734.37,2431609.78,2400312.43,2448351.80,2374952.70,2445582.87,2401674.27,2394489.63,2394831.43,2441276.84,2383616.01,2408221.11,2391461.07,2359408.23,2350163.71,2416383.52,2426539.19,2399856.94,2431436.78,2407002.07,2375382.00
870000,2425732,2381538.08,2421988.35,2424875.32,2396290.47,2407222.07,2421517.66,2460515.65,2424461.41,2437642.49,2438058.57,2459096.53,2422730.18,2471477.04,2399450.96,2473113.42,2429378.41,2421992.17,2420292.04,2463774.14,2405237.08,2439070.83,2413273.20,2385549.09,2381305.20,2435664.19,2459778.40,2425163.96,2457584.54,2431505.63,2405839.22
880000,2453489,2402535.29,2448809.12,2451501.28,2417838.65,2429170.49,2444652.57,2488729.71,2450682.44,2465318.78,2465414.71,2481284.29,2453608.72,2505096.95,2424940.90,2494411.84,2460006.97,2451796.18,2448159.64,2490331.10,2433398.88,2464189.25,2442066.49,2416555.08,2411866.19,2463265.19,2490944.58,2460423.08,2482550.37,2460488.33,2438177.45
890000,2481217,2427701.58,2474046.58,2475905.70,2451638.89,2455017.00,2472624.58,2511127.23,2474473.36,2494717.77,2496185.93,2516261.81,2475703.88,2535823.01,2450841.39,2519463.83,2492173.30,2478661.56,2477740.53,2517444.83,2462314.23,2496525.70,2478559.15,2446100.10,2437688.51,2492987.16,2525788.56,2487431.96,2508450.12,2475656.66,2459883.68
900000,2508932,2453260.49,2497717.16,2500705.77,2478204.53,2489694.84,2506331.38,2536448.84,2495557.72,2518559.48,2522300.27,2549468.61,2515936.60,2565983.48,2477438.87,2537441.96,2521724.88,2500684.82,2510621.76,2540218.47,2484909.74,2524946.74,2511433.42,2470357.13,2469889.21,2526043.14,2550456.31,2508056.28,2546107.65,2504574.25,2494611.82
910000,2536637,2483229.89,2532682.43,2531888.04,2511113.94,2519619.56,2536529.98,2560468.23,2534777.35,2545452.91,2545458.65,2572903.40,2541341.54,2589137.67,2502962.88,2564265.46,2552553.54,2524676.68,2539013.57,2570504.52,2520286.11,2556737.49,2541195.84,2492839.61,2495818.64,2556641.15,2572692.76,2540904.99,2567803.31,2537424.58,2528483.42
920000,2564280,2506296.85,2572629.90,2563235.45,2537302.67,2551099.01,2563822.69,2587829.71,2565238.99,2573212.84,2569589.43,2603593.88,2568414.88,2610768.25,2532289.15,2586125.94,2584156.88,2557165.20,2561448.71,2601171.57,2548194.78,2588096.68,2572982.19,2520322.66,2524793.86,2580850.76,2597617.43,2567752.26,2596026.90,2561272.25,2552411.04
930000,2592010,2535742.30,2602985.87,2589103.32,2560792.39,2577727.47,2592397.93,2614932.76,2593544.83,2602291.42,2589869.52,2624742.20,2599323.59,2636594.32,2563560.56,2611296.72,2608811.66,2585179.42,2598321.49,2631679.31,2570664.02,2620451.02,2601248.90,2548672.37,2553925.03,2615919.53,2623528.76,2590848.58,2621607.31,2592522.55,2580922.16
940000,2619703,2563999.36,2633923.51,2618378.71,2585110.82,2612898.62,2617841.70,2642290.33,2630131.32,2618783.37,2612704.24,2651273.94,2624157.12,2664965.72,2593449.27,2636152.51,2632655.95,2621718.09,2628717.36,2657852.67,2587060.10,2647694.91,2628202.91,2580224.21,2576012.52,2644267.44,2643033.14,2622387.45,2648346.79,2625792.49,2604900.84
950000,2647381,2593810.33,2657416.08,2648845.79,2610009.10,2639521.34,2637344.62,2667511.43,2657896.37,2640334.02,2641018.15,2681813.96,2652291.66,2695278.62,2626653.98,2670570.36,2661664.55,2651676.91,2653057.16,2679059.56,2620725.99,2672844.10,2654602.27,2604803.64,2601123.31,2672873.81,2665239.47,2654223.81,2666949.04,2648559.50,2635120.04
960000,2675049,2618745.67,2687603.20,2672147.20,2630236.69,2666864.81,2667278.99,2698205.34,2686802.27,2665814.45,2674997.08,2710322.38,2676914.03,2722570.66,2652721.43,2697685.28,2691803.17,2678772.93,2678600.58,2709482.83,2653507.02,2706497.69,2677011.03,2636386.95,2624322.80,2704437.41,2695897.14,2676045.80,2694953.73,2679247.11,2661891.55
970000,2702715,2644967.67,2712900.28,2703329.46,2669583.08,2699429.41,2697850.20,2727021.53,2716746.30,2701448.85,2699685.16,2739700.45,2703029.40,2763120.26,2681300.05,2725075.48,2721392.35,2712349.60,2707202.96,2730032.46,2682019.89,2732838.42,2711084.83,2665299.10,2653242.47,2728534.46,2718913.65,2704355.85,2718391.99,2704513.22,2680060.10
980000,2730443,2676047.35,2746361.01,2727634.18,2699657.01,2733764.81,2728866.03,2758381.15,2742334.42,2731129.34,2723439.97,2763858.06,2730880.24,2796123.52,2718831.50,2752398.70,2740886.98,2743476.36,2740832.35,2757473.06,2709227.83,2756735.97,2738954.95,2688631.77,2689147.92,2756399.83,2743360.68,2728872.78,2742186.98,2733966.87,2708470.63
990000,2758192,2703417.02,2776303.27,2753183.81,2725542.05,2768023.19,2760968.70,2780935.06,2769032.66,2747351.91,2748440.28,2786423.67,2761354.03,2823145.74,2738923.17,2788544.92,2764435.73,2773828.19,2771910.77,2787846.87,2743937.97,2785893.97,2776580.47,2710546.03,2716550.27,2789610.98,2775175.88,2754146.77,2772892.03,2754422.41,2739309.17
1000000,2785820,2732976.17,2803036.05,2782645.57,2751878.73,2795302.81,2788800.98,2799609.19,2791717.59,2773209.77,2783103.98,2811157.06,2793218.92,2844735.12,2770763.20,2815714.75,2790286.29,2792981.73,2801970.23,2814209.12,2766733.11,2818530.16,2808038.89,2733442.20,2749017.18,2815299.42,2802826.44,2782902.99,2795587.52,2778370.80,2777073.35
